{
  "entertainment_dir": "T:\\DriftSeal\\Entertainment",
  "dataset": {
    "spotify_data_csv": "T:\\DriftSeal\\Entertainment\\Spotify dataset\\data\\data.csv"
  },
  "seed": 42,
  "cleaning": {
    "after_drop_invalid_rows": 50000,
    "columns_used": [
      "valence",
      "year",
      "acousticness",
      "danceability",
      "duration_ms",
      "energy",
      "explicit",
      "instrumentalness",
      "key",
      "liveness",
      "loudness",
      "mode",
      "popularity",
      "speechiness",
      "tempo"
    ]
  },
  "model": {
    "latent_dim": 64,
    "lr": 0.0001,
    "batch_size": 1024,
    "steps": 10000,
    "corr_lambda": 5.0
  },
  "fit_seconds": 175.30046916007996,
  "train_losses": {
    "disc": [
      0.310976505279541,
      0.33792516589164734,
      0.33566588163375854,
      0.3428282141685486,
      0.2963200807571411,
      0.3248336613178253,
      0.3197515308856964,
      0.32538631558418274,
      0.34095221757888794,
      0.32365110516548157,
      0.3350074887275696,
      0.3306867182254791,
      0.33378639817237854,
      0.3218115270137787,
      0.3330304026603699,
      0.326181560754776,
      0.31260138750076294,
      0.3096100389957428,
      0.3221172094345093,
      0.31147637963294983,
      0.3298441171646118,
      0.33147698640823364,
      0.3152003288269043,
      0.2960405945777893,
      0.30380040407180786,
      0.3151446282863617,
      0.31338179111480713,
      0.3331829607486725,
      0.31806284189224243,
      0.3153519034385681,
      0.33385199308395386,
      0.3070921003818512,
      0.28925520181655884,
      0.3160496950149536,
      0.343603253364563,
      0.3048950433731079,
      0.31833386421203613,
      0.3121812045574188,
      0.32194119691848755,
      0.32070133090019226,
      0.330173134803772,
      0.3067527413368225,
      0.31802254915237427,
      0.3227573037147522,
      0.319905549287796,
      0.312205970287323,
      0.30661511421203613,
      0.34767675399780273,
      0.31240177154541016,
      0.32501643896102905
    ],
    "gen": [
      6.116298198699951,
      6.257211685180664,
      6.309080123901367,
      6.553175449371338,
      6.854508399963379,
      7.103280067443848,
      6.270870208740234,
      6.253034591674805,
      7.565483093261719,
      6.790553569793701,
      6.085758209228516,
      6.532571315765381,
      6.6686601638793945,
      6.507739067077637,
      6.390589714050293,
      6.829657554626465,
      6.754289627075195,
      6.2118306159973145,
      6.041930198669434,
      6.05877685546875,
      6.447029113769531,
      6.084272861480713,
      5.991128921508789,
      6.463078498840332,
      6.321258544921875,
      7.125810623168945,
      6.474605560302734,
      6.2081499099731445,
      6.478400230407715,
      6.056839942932129,
      6.389998912811279,
      6.352102279663086,
      7.12313175201416,
      6.30809211730957,
      7.413485050201416,
      6.180560111999512,
      6.815677642822266,
      6.623915672302246,
      7.014670372009277,
      6.433751583099365,
      6.5024943351745605,
      7.426568984985352,
      7.071450233459473,
      6.117301940917969,
      6.185391426086426,
      7.099327087402344,
      6.270840644836426,
      5.963763236999512,
      6.032976150512695,
      7.108654022216797
    ]
  },
  "sample_metrics": {
    "mean_abs_diff": 1407.1542928141314,
    "std_abs_diff": 4425.732434502639,
    "rel_mean_abs_diff": 0.1914937179314483,
    "rel_std_abs_diff": 0.3803591178366986,
    "scaled_mean_abs_diff": 0.19149383710483994,
    "scaled_std_abs_diff": 0.38035912790170534,
    "corr_fro_norm_diff": 0.3440663568050224
  },
  "baseline_metrics": {
    "gaussian_independent": {
      "mean_abs_diff": 118.10924803302778,
      "std_abs_diff": 51.558736073794265,
      "rel_mean_abs_diff": 0.007093085885122743,
      "rel_std_abs_diff": 0.007799874715583218,
      "corr_fro_norm_diff": 3.7744987303828843
    }
  },
  "artifacts": {
    "generator_path": "T:\\DriftSeal\\Entertainment\\spotify_gan_generator.keras",
    "metadata_path": "T:\\DriftSeal\\Entertainment\\spotify_gan.meta.json",
    "samples_path": "T:\\DriftSeal\\Entertainment\\spotify_gan_samples.csv"
  },
  "promotion": {
    "task": "tabular_generation",
    "primary_metric": "corr_fro_norm_diff",
    "primary": 0.3440663568050224,
    "baseline_name": "gaussian_independent",
    "baseline": 3.7744987303828843,
    "eligible": true
  },
  "fingerprint": {
    "model_sha256": "4e545eedc47cfd5c6c041ca0ee19a881003e23ab87ac6e773883b651210097c5",
    "samples_sha256": "45223342691f9840ab52f1c93566f2f3f423e6c888223f6a2fb6625ffa71166e",
    "canary_samples_sha256": "0a170b5455f02662b5e184462ae643ee1bfc3488cadf4a5dc811b308f60229d6"
  }
}