{
  "ae_epochs": 120,
  "iforest_n_estimators": 300,
  "nu": 0.05,
  "target_fpr": 0.05,
  "random_state": 42,
  "threshold": 0.7019444704055786,
  "ae_norm": {
    "median": 0.012816417030990124,
    "iqr": 0.015882156789302826
  },
  "if_norm": {
    "median": -0.13741245865821838,
    "iqr": 0.1020672544836998
  },
  "svm_norm": {
    "median": -0.002285783877596259,
    "iqr": 0.012283553074666997
  }
}