{
  "ae_epochs": 120,
  "iforest_n_estimators": 300,
  "nu": 0.05,
  "target_fpr": 0.05,
  "random_state": 42,
  "threshold": 0.5746291875839233,
  "ae_norm": {
    "median": 0.0037201817613095045,
    "iqr": 0.01398138958029449
  },
  "if_norm": {
    "median": -0.08716755360364914,
    "iqr": 0.20014148950576782
  },
  "svm_norm": {
    "median": -0.00022578661446459591,
    "iqr": 0.002507532117306255
  }
}