{
  "window": 512,
  "nu": 0.05,
  "random_state": 42,
  "buf": [
    [
      0.9869999885559082,
      0.11349999904632568,
      0.8734999895095825,
      1.0,
      56.16592788696289,
      431242.0,
      0.5974013805389404,
      1.0,
      0.0,
      0.0,
      0.0,
      1.0,
      0.05229480192065239,
      0.1449292153120041,
      4.595658538164571e-06,
      0.9744584560394287,
      1.1703272321028635e-05,
      8.29665586934425e-05,
      0.0010276808170601726,
      0.0049065714702010155,
      0.027875570580363274,
      0.3291285037994385,
      0.8553770184516907,
      0.9845898151397705,
      0.06016755849123001,
      0.48495975136756897,
      0.9999997615814209,
      0.6350104808807373,
      0.908875584602356,
      0.9963456392288208,
      0.9994743466377258,
      0.9999061822891235,
      0.9999940991401672,
      0.9999992847442627,
      0.09999997913837433,
      0.023459238931536674,
      0.057150259613990784,
      0.13671235740184784,
      0.058698974549770355,
      0.06489382684230804,
      0.08581248670816422,
      0.10120455920696259,
      0.11533543467521667,
      0.13374927639961243,
      0.13611973822116852,
      0.2931692600250244,
      0.032964058220386505,
      0.2244783341884613,
      0.3422524631023407,
      0.22785913944244385,
      0.24138236045837402,
      0.27737197279930115,
      0.2959669828414917,
      0.3142959177494049,
      0.33792129158973694,
      0.34138622879981995,
      0.0,
      0.0,
      0.0,
      0.0,
      0.0,
      0.0,
      0.0,
      0.0,
      0.0,
      0.0,
      0.0,
      0.0,
      0.0,
      0.0,
      0.0,
      0.0,
      0.0,
      0.0,
      0.0,
      0.0,
      0.0,
      0.0
    ]
  ]
}